{
    "ANN": 0.8571428571428571,
    "KNN": 0.9880952380952381,
    "SVM": 1.0
}